job_id,job_title,primary_category,stream_alignment,verbal_aptitude_weight,quantitative_aptitude_weight,creativity_requirement,teamwork_requirement,exploration_requirement,salary_inr_min,salary_inr_max,salary_inr_avg,salary_usd_min,salary_usd_max,parent_approval_score,parental_interest_threshold,social_prestige_level,family_income_suitability,academic_threshold,preferred_subjects,education_duration,international_opportunities,comfortable_outside_india_benefit,remote_work_feasibility,work_life_balance_score,stress_level,physical_demands,travel_requirements,growth_trajectory_5yr,automation_risk_level,industry_stability,job_security_score,compatible_hobbies,disability_accommodation,job_seeking_preference_match,entry_difficulty,continuing_education_required
1,Doctor,Medicine,Science,0.74,0.81,0.3,0.85,0.71,800000,2500000,1650000,9638,30120,0.91,0.56,0.87,Middle,82,"Biology, Chemistry, Physics, Math",3,High,Yes,Low,0.61,0.47,Low,Minimal,0.2,0.38,0.57,0.75,"Reading, Research, Volunteering",Limited,Remote,Moderate,Yes
2,Surgeon,Medicine,Science,0.75,0.74,0.36,0.57,0.49,800000,2500000,1650000,9638,30120,0.98,0.62,0.88,High,79,"Biology, Chemistry, Physics, Math",5,High,Yes,Low,0.69,0.59,High,Minimal,0.2,0.2,0.64,0.81,"Reading, Research, Volunteering",Limited,Hybrid,Easy,Yes
3,Dentist,Medicine,Science,0.79,0.84,0.74,0.62,0.43,800000,2500000,1650000,9638,30120,0.97,0.39,0.87,Lower-Middle,72,"Biology, Chemistry, Physics, Math",5,High,Yes,Low,0.61,0.72,Moderate,Extensive,0.27,0.6,0.76,0.89,"Reading, Research, Volunteering",Limited,On-site,Hard,Yes
4,Veterinarian,Medicine,Science,0.79,0.86,0.67,0.85,0.75,800000,2500000,1650000,9638,30120,0.94,0.68,0.82,High,80,"Biology, Chemistry, Physics, Math",4,High,Yes,Low,0.52,0.42,Moderate,Extensive,-0.01,0.39,0.61,0.54,"Reading, Research, Volunteering",Good,On-site,Very Hard,Yes
5,Nurse,Medicine,Science,0.65,0.87,0.38,0.56,0.52,800000,2500000,1650000,9638,30120,0.96,0.78,0.87,Lower-Middle,86,"Biology, Chemistry, Physics, Math",5,High,Yes,Low,0.59,0.38,High,Extensive,-0.08,0.33,0.83,0.63,"Reading, Research, Volunteering",Limited,On-site,Easy,Yes
6,Pharmacist,Medicine,Science,0.67,0.87,0.39,0.83,0.3,800000,2500000,1650000,9638,30120,0.96,0.38,0.87,Low,85,"Biology, Chemistry, Physics, Math",3,High,Yes,Low,0.75,0.31,Low,Moderate,0.11,0.51,0.51,0.8,"Reading, Research, Volunteering",Good,Remote,Hard,Yes
7,Medical Technician,Medicine,Science,0.71,0.79,0.47,0.51,0.71,800000,2500000,1650000,9638,30120,0.93,0.75,0.78,Lower-Middle,78,"Biology, Chemistry, Physics, Math",7,High,Yes,Low,0.72,0.32,Moderate,Minimal,0.2,0.63,0.78,0.72,"Reading, Research, Volunteering",Excellent,Hybrid,Moderate,Yes
8,Physical Therapist,Medicine,Science,0.61,0.82,0.31,0.54,0.41,800000,2500000,1650000,9638,30120,0.96,0.38,0.84,Middle,85,"Biology, Chemistry, Physics, Math",6,High,Yes,Low,0.78,0.73,Low,Moderate,0.11,0.63,0.73,0.73,"Reading, Research, Volunteering",Limited,Hybrid,Moderate,Yes
9,Radiologist,Medicine,Science,0.75,0.84,0.46,0.89,0.35,800000,2500000,1650000,9638,30120,1.0,0.46,0.93,High,77,"Biology, Chemistry, Physics, Math",5,High,Yes,Low,0.54,0.38,Low,Minimal,0.19,0.34,0.75,0.72,"Reading, Research, Volunteering",Limited,On-site,Hard,Yes
10,Anesthesiologist,Medicine,Science,0.77,0.8,0.64,0.64,0.32,800000,2500000,1650000,9638,30120,0.98,0.54,0.94,Middle,85,"Biology, Chemistry, Physics, Math",7,High,Yes,Low,0.48,0.62,Moderate,Minimal,-0.05,0.11,0.79,0.83,"Reading, Research, Volunteering",Excellent,On-site,Easy,Yes
11,Psychiatrist,Medicine,Science,0.74,0.74,0.37,0.43,0.43,800000,2500000,1650000,9638,30120,0.99,0.31,0.9,High,73,"Biology, Chemistry, Physics, Math",5,High,Yes,Low,0.64,0.33,High,Extensive,0.09,0.13,0.82,0.77,"Reading, Research, Volunteering",Limited,Remote,Easy,Yes
12,Pediatrician,Medicine,Science,0.78,0.86,0.74,0.63,0.79,800000,2500000,1650000,9638,30120,0.98,0.76,0.92,Upper-Middle,70,"Biology, Chemistry, Physics, Math",5,High,Yes,Low,0.71,0.67,Low,Extensive,0.22,0.56,0.78,0.55,"Reading, Research, Volunteering",Limited,Hybrid,Easy,Yes
13,Medical Assistant,Medicine,Science,0.71,0.84,0.75,0.84,0.72,800000,2500000,1650000,9638,30120,0.9,0.49,0.89,Upper-Middle,74,"Biology, Chemistry, Physics, Math",7,High,Yes,Low,0.48,0.47,Low,Moderate,-0.09,0.43,0.85,0.6,"Reading, Research, Volunteering",Excellent,On-site,Easy,Yes
14,Laboratory Technician,Medicine,Science,0.67,0.84,0.5,0.59,0.4,800000,2500000,1650000,9638,30120,0.92,0.32,0.86,Upper-Middle,81,"Biology, Chemistry, Physics, Math",6,High,Yes,Low,0.63,0.53,Low,Minimal,0.23,0.17,0.6,0.65,"Reading, Research, Volunteering",Excellent,Remote,Very Hard,Yes
15,Paramedic,Medicine,Science,0.64,0.89,0.4,0.5,0.54,800000,2500000,1650000,9638,30120,0.93,0.59,0.83,Middle,63,"Biology, Chemistry, Physics, Math",3,High,Yes,Low,0.68,0.76,Low,Minimal,-0.04,0.11,0.73,0.52,"Reading, Research, Volunteering",Limited,On-site,Hard,Yes
16,Genetic Counselor,Medicine,Science,0.75,0.88,0.66,0.65,0.35,800000,2500000,1650000,9638,30120,0.96,0.57,0.87,High,67,"Biology, Chemistry, Physics, Math",4,High,Yes,Low,0.75,0.79,Low,Moderate,0.33,0.3,0.6,0.7,"Reading, Research, Volunteering",Good,Hybrid,Hard,Yes
17,Cardiologist,Medicine,Science,0.67,0.88,0.52,0.43,0.46,800000,2500000,1650000,9638,30120,0.97,0.5,0.8,High,67,"Biology, Chemistry, Physics, Math",6,High,Yes,Low,0.77,0.53,Moderate,Minimal,0.0,0.67,0.64,0.87,"Reading, Research, Volunteering",Good,Remote,Easy,Yes
18,Neurologist,Medicine,Science,0.75,0.74,0.7,0.8,0.38,800000,2500000,1650000,9638,30120,0.97,0.78,0.93,Lower-Middle,77,"Biology, Chemistry, Physics, Math",4,High,Yes,Low,0.75,0.33,High,Minimal,0.07,0.62,0.8,0.56,"Reading, Research, Volunteering",Good,Hybrid,Easy,Yes
19,Dermatologist,Medicine,Science,0.72,0.84,0.52,0.47,0.48,800000,2500000,1650000,9638,30120,0.96,0.33,0.94,Middle,86,"Biology, Chemistry, Physics, Math",4,High,Yes,Low,0.64,0.52,Moderate,Moderate,0.31,0.44,0.9,0.77,"Reading, Research, Volunteering",Excellent,Remote,Hard,Yes
20,Orthopedic Surgeon,Medicine,Science,0.65,0.78,0.8,0.41,0.6,800000,2500000,1650000,9638,30120,0.99,0.43,0.82,High,77,"Biology, Chemistry, Physics, Math",6,High,Yes,Low,0.57,0.38,Moderate,Extensive,-0.05,0.56,0.51,0.81,"Reading, Research, Volunteering",Excellent,On-site,Easy,Yes
21,Emergency Physician,Medicine,Science,0.66,0.81,0.5,0.53,0.3,800000,2500000,1650000,9638,30120,0.94,0.74,0.76,High,74,"Biology, Chemistry, Physics, Math",8,High,Yes,Low,0.53,0.34,Low,Minimal,0.26,0.15,0.61,0.8,"Reading, Research, Volunteering",Good,Remote,Hard,Yes
22,Family Doctor,Medicine,Science,0.76,0.71,0.53,0.84,0.3,800000,2500000,1650000,9638,30120,0.91,0.31,0.8,High,74,"Biology, Chemistry, Physics, Math",6,High,Yes,Low,0.62,0.69,Moderate,Moderate,-0.02,0.3,0.79,0.63,"Reading, Research, Volunteering",Excellent,Hybrid,Easy,Yes
23,Oncologist,Medicine,Science,0.75,0.89,0.69,0.71,0.3,800000,2500000,1650000,9638,30120,0.96,0.55,0.81,Lower-Middle,82,"Biology, Chemistry, Physics, Math",7,High,Yes,Low,0.46,0.65,High,Moderate,-0.05,0.3,0.63,0.82,"Reading, Research, Volunteering",Good,On-site,Very Hard,Yes
24,Pathologist,Medicine,Science,0.67,0.79,0.44,0.48,0.62,800000,2500000,1650000,9638,30120,0.91,0.44,0.77,Lower-Middle,62,"Biology, Chemistry, Physics, Math",7,High,Yes,Low,0.56,0.45,Low,Minimal,0.28,0.27,0.84,0.72,"Reading, Research, Volunteering",Limited,Remote,Hard,Yes
25,Medical Researcher,Medicine,Science,0.75,0.8,0.52,0.53,0.51,800000,2500000,1650000,9638,30120,0.92,0.4,0.94,Lower-Middle,83,"Biology, Chemistry, Physics, Math",3,High,Yes,Low,0.75,0.74,Low,Extensive,-0.05,0.3,0.6,0.79,"Reading, Research, Volunteering",Excellent,Hybrid,Very Hard,Yes
26,Hospital Administrator,Medicine,Science,0.63,0.84,0.79,0.84,0.63,800000,2500000,1650000,9638,30120,0.99,0.58,0.89,High,77,"Biology, Chemistry, Physics, Math",7,High,Yes,Low,0.79,0.74,Low,Minimal,-0.04,0.47,0.68,0.71,"Reading, Research, Volunteering",Limited,On-site,Very Hard,Yes
27,Medical Writer,Medicine,Science,0.76,0.74,0.28,0.84,0.6,800000,2500000,1650000,9638,30120,0.97,0.62,0.89,Low,60,"Biology, Chemistry, Physics, Math",7,High,Yes,Low,0.76,0.75,High,Extensive,0.36,0.38,0.76,0.52,"Reading, Research, Volunteering",Limited,Remote,Easy,Yes
28,Biomedical Engineer,Medicine,Science,0.74,0.71,0.55,0.62,0.58,800000,2500000,1650000,9638,30120,0.97,0.55,0.94,Low,82,"Biology, Chemistry, Physics, Math",8,High,Yes,Low,0.79,0.54,Low,Moderate,0.3,0.6,0.88,0.51,"Reading, Research, Volunteering",Good,Remote,Easy,Yes
29,Clinical Research Coordinator,Medicine,Science,0.61,0.82,0.2,0.84,0.75,800000,2500000,1650000,9638,30120,0.96,0.36,0.85,Middle,70,"Biology, Chemistry, Physics, Math",6,High,Yes,Low,0.47,0.31,Low,Moderate,-0.02,0.41,0.51,0.72,"Reading, Research, Volunteering",Limited,On-site,Hard,Yes
30,Medical Equipment Technician,Medicine,Science,0.61,0.78,0.21,0.9,0.38,800000,2500000,1650000,9638,30120,0.91,0.43,0.77,Lower-Middle,68,"Biology, Chemistry, Physics, Math",3,High,Yes,Low,0.53,0.33,Moderate,Minimal,0.29,0.54,0.54,0.64,"Reading, Research, Volunteering",Limited,Remote,Hard,Yes
31,Respiratory Therapist,Medicine,Science,0.7,0.75,0.39,0.66,0.76,800000,2500000,1650000,9638,30120,0.91,0.54,0.94,High,83,"Biology, Chemistry, Physics, Math",8,High,Yes,Low,0.53,0.61,High,Minimal,0.11,0.3,0.73,0.5,"Reading, Research, Volunteering",Good,Hybrid,Very Hard,Yes
32,Occupational Therapist,Medicine,Science,0.7,0.79,0.68,0.88,0.33,800000,2500000,1650000,9638,30120,0.95,0.34,0.86,Middle,88,"Biology, Chemistry, Physics, Math",3,High,Yes,Low,0.51,0.49,Low,Minimal,0.26,0.3,0.56,0.71,"Reading, Research, Volunteering",Good,Hybrid,Very Hard,Yes
33,Speech Therapist,Medicine,Science,0.63,0.79,0.67,0.54,0.43,800000,2500000,1650000,9638,30120,0.94,0.43,0.9,Middle,61,"Biology, Chemistry, Physics, Math",3,High,Yes,Low,0.4,0.36,Low,Minimal,0.14,0.52,0.7,0.78,"Reading, Research, Volunteering",Limited,On-site,Very Hard,Yes
34,Dental Hygienist,Medicine,Science,0.6,0.76,0.79,0.61,0.48,800000,2500000,1650000,9638,30120,0.94,0.61,0.79,Low,68,"Biology, Chemistry, Physics, Math",7,High,Yes,Low,0.47,0.77,High,Moderate,0.35,0.64,0.64,0.66,"Reading, Research, Volunteering",Limited,Hybrid,Easy,Yes
35,Medical Illustrator,Medicine,Science,0.78,0.74,0.28,0.9,0.44,800000,2500000,1650000,9638,30120,0.91,0.62,0.84,Middle,88,"Biology, Chemistry, Physics, Math",3,High,Yes,Low,0.65,0.44,Moderate,Extensive,0.2,0.33,0.73,0.73,"Reading, Research, Volunteering",Excellent,Hybrid,Very Hard,Yes
36,Health Informatics Specialist,Medicine,Science,0.66,0.82,0.22,0.85,0.79,800000,2500000,1650000,9638,30120,0.91,0.7,0.8,Lower-Middle,81,"Biology, Chemistry, Physics, Math",4,High,Yes,Low,0.58,0.72,Low,Minimal,0.36,0.68,0.68,0.76,"Reading, Research, Volunteering",Good,Hybrid,Moderate,Yes
37,Public Health Analyst,Medicine,Science,0.79,0.78,0.78,0.59,0.57,800000,2500000,1650000,9638,30120,0.94,0.69,0.93,Middle,75,"Biology, Chemistry, Physics, Math",7,High,Yes,Low,0.64,0.59,Moderate,Minimal,0.23,0.23,0.8,0.51,"Reading, Research, Volunteering",Limited,Hybrid,Very Hard,Yes
38,Epidemiologist,Medicine,Science,0.65,0.85,0.78,0.48,0.51,800000,2500000,1650000,9638,30120,0.95,0.42,0.77,Lower-Middle,79,"Biology, Chemistry, Physics, Math",8,High,Yes,Low,0.72,0.55,Low,Moderate,0.15,0.34,0.74,0.78,"Reading, Research, Volunteering",Good,Hybrid,Easy,Yes
39,Medical Coding Specialist,Medicine,Science,0.72,0.73,0.38,0.7,0.5,800000,2500000,1650000,9638,30120,0.98,0.67,0.86,High,85,"Biology, Chemistry, Physics, Math",8,High,Yes,Low,0.77,0.67,Low,Minimal,-0.03,0.46,0.74,0.65,"Reading, Research, Volunteering",Limited,On-site,Easy,Yes
40,Healthcare Administrator,Medicine,Science,0.73,0.74,0.64,0.7,0.32,800000,2500000,1650000,9638,30120,0.95,0.46,0.89,Lower-Middle,74,"Biology, Chemistry, Physics, Math",5,High,Yes,Low,0.55,0.79,Low,Minimal,0.23,0.11,0.53,0.62,"Reading, Research, Volunteering",Limited,On-site,Hard,Yes
41,Software Engineer,Engineering,Science,0.67,0.99,0.68,0.53,0.46,600000,1800000,1200000,7228,21686,0.86,0.47,0.87,Upper-Middle,78,"Math, Physics, Chemistry",7,Medium,Yes,Low,0.62,0.41,High,Extensive,0.03,0.14,0.74,0.53,"Coding, Problem Solving, Building",Limited,On-site,Hard,Optional
42,Mechanical Engineer,Engineering,Science,0.52,0.8,0.51,0.67,0.69,600000,1800000,1200000,7228,21686,0.9,0.5,0.86,High,61,"Math, Physics, Chemistry",7,Medium,Yes,Low,0.55,0.34,Low,Minimal,0.1,0.54,0.84,0.73,"Coding, Problem Solving, Building",Limited,On-site,Easy,Optional
43,Civil Engineer,Engineering,Science,0.53,0.83,0.55,0.69,0.48,600000,1800000,1200000,7228,21686,0.87,0.42,0.81,Lower-Middle,75,"Math, Physics, Chemistry",6,Medium,Yes,Low,0.51,0.65,Moderate,Moderate,0.38,0.28,0.52,0.64,"Coding, Problem Solving, Building",Excellent,Remote,Very Hard,Optional
44,Electrical Engineer,Engineering,Science,0.56,0.91,0.55,0.58,0.47,600000,1800000,1200000,7228,21686,0.88,0.62,0.78,High,73,"Math, Physics, Chemistry",8,Medium,Yes,Low,0.48,0.8,Low,Moderate,0.27,0.35,0.51,0.64,"Coding, Problem Solving, Building",Limited,Hybrid,Very Hard,Optional
45,Chemical Engineer,Engineering,Science,0.51,0.81,0.74,0.79,0.35,600000,1800000,1200000,7228,21686,0.94,0.72,0.89,Low,85,"Math, Physics, Chemistry",6,Medium,Yes,Low,0.79,0.35,Moderate,Minimal,0.16,0.29,0.59,0.81,"Coding, Problem Solving, Building",Excellent,Remote,Very Hard,Optional
46,Aerospace Engineer,Engineering,Science,0.52,0.8,0.47,0.84,0.69,600000,1800000,1200000,7228,21686,0.91,0.66,0.85,Low,82,"Math, Physics, Chemistry",3,Medium,Yes,Low,0.53,0.43,Moderate,Extensive,0.13,0.35,0.88,0.83,"Coding, Problem Solving, Building",Limited,On-site,Very Hard,Optional
47,Biomedical Engineer,Engineering,Science,0.7,0.93,0.39,0.87,0.73,600000,1800000,1200000,7228,21686,0.86,0.76,0.8,Upper-Middle,79,"Math, Physics, Chemistry",8,Medium,Yes,Low,0.75,0.41,High,Extensive,0.32,0.53,0.57,0.55,"Coding, Problem Solving, Building",Limited,Remote,Hard,Optional
48,Environmental Engineer,Engineering,Science,0.51,0.83,0.79,0.85,0.5,600000,1800000,1200000,7228,21686,0.89,0.31,0.84,Low,89,"Math, Physics, Chemistry",6,Medium,Yes,Low,0.74,0.57,Moderate,Moderate,0.26,0.11,0.52,0.85,"Coding, Problem Solving, Building",Excellent,Hybrid,Very Hard,Optional
49,Computer Engineer,Engineering,Science,0.55,0.85,0.45,0.82,0.44,600000,1800000,1200000,7228,21686,0.86,0.36,0.8,High,85,"Math, Physics, Chemistry",7,Medium,Yes,Low,0.79,0.5,Low,Minimal,0.12,0.11,0.76,0.67,"Coding, Problem Solving, Building",Good,Hybrid,Very Hard,Optional
50,Industrial Engineer,Engineering,Science,0.57,0.89,0.52,0.71,0.69,600000,1800000,1200000,7228,21686,0.88,0.79,0.83,Middle,88,"Math, Physics, Chemistry",4,Medium,Yes,Low,0.63,0.37,Moderate,Moderate,0.06,0.42,0.61,0.57,"Coding, Problem Solving, Building",Excellent,Remote,Easy,Optional
51,Robotics Engineer,Engineering,Science,0.66,0.85,0.25,0.6,0.59,600000,1800000,1200000,7228,21686,0.91,0.73,0.79,Middle,63,"Math, Physics, Chemistry",5,Medium,Yes,Low,0.69,0.63,High,Extensive,0.15,0.34,0.54,0.61,"Coding, Problem Solving, Building",Good,Remote,Hard,Optional
52,Network Engineer,Engineering,Science,0.5,0.9,0.35,0.52,0.51,600000,1800000,1200000,7228,21686,0.91,0.6,0.81,Middle,63,"Math, Physics, Chemistry",7,Medium,Yes,Low,0.77,0.64,High,Minimal,0.36,0.17,0.8,0.76,"Coding, Problem Solving, Building",Limited,Hybrid,Hard,Optional
53,Data Engineer,Engineering,Science,0.62,0.93,0.26,0.6,0.4,600000,1800000,1200000,7228,21686,0.88,0.31,0.82,Lower-Middle,80,"Math, Physics, Chemistry",7,Medium,Yes,Low,0.57,0.46,Moderate,Moderate,0.39,0.14,0.54,0.75,"Coding, Problem Solving, Building",Limited,Hybrid,Hard,Optional
54,DevOps Engineer,Engineering,Science,0.66,0.96,0.69,0.81,0.42,600000,1800000,1200000,7228,21686,0.9,0.57,0.8,Low,86,"Math, Physics, Chemistry",3,Medium,Yes,Low,0.41,0.63,Low,Minimal,-0.09,0.67,0.71,0.68,"Coding, Problem Solving, Building",Limited,Remote,Hard,Optional
55,AI Engineer,Engineering,Science,0.64,0.99,0.37,0.72,0.54,600000,1800000,1200000,7228,21686,0.89,0.62,0.83,Middle,77,"Math, Physics, Chemistry",7,Medium,Yes,Low,0.7,0.57,Low,Minimal,-0.04,0.11,0.75,0.76,"Coding, Problem Solving, Building",Excellent,Remote,Very Hard,Optional
56,Hardware Engineer,Engineering,Science,0.6,0.86,0.52,0.48,0.38,600000,1800000,1200000,7228,21686,0.9,0.76,0.75,Lower-Middle,62,"Math, Physics, Chemistry",3,Medium,Yes,Low,0.59,0.4,High,Moderate,-0.02,0.53,0.71,0.69,"Coding, Problem Solving, Building",Excellent,Hybrid,Easy,Optional
57,Mining Engineer,Engineering,Science,0.6,0.98,0.77,0.75,0.72,600000,1800000,1200000,7228,21686,0.92,0.51,0.88,High,72,"Math, Physics, Chemistry",3,Medium,Yes,Low,0.51,0.47,Moderate,Minimal,0.39,0.18,0.85,0.67,"Coding, Problem Solving, Building",Good,Remote,Moderate,Optional
58,Petroleum Engineer,Engineering,Science,0.62,0.84,0.69,0.63,0.44,600000,1800000,1200000,7228,21686,0.93,0.7,0.83,Middle,83,"Math, Physics, Chemistry",7,Medium,Yes,Low,0.71,0.57,High,Minimal,0.3,0.31,0.6,0.51,"Coding, Problem Solving, Building",Limited,On-site,Moderate,Optional
59,Nuclear Engineer,Engineering,Science,0.69,0.97,0.4,0.55,0.31,600000,1800000,1200000,7228,21686,0.85,0.68,0.91,Upper-Middle,88,"Math, Physics, Chemistry",8,Medium,Yes,Low,0.48,0.51,High,Moderate,0.14,0.64,0.73,0.67,"Coding, Problem Solving, Building",Good,On-site,Moderate,Optional
60,Materials Engineer,Engineering,Science,0.66,0.81,0.55,0.67,0.78,600000,1800000,1200000,7228,21686,0.85,0.7,0.9,High,76,"Math, Physics, Chemistry",5,Medium,Yes,Low,0.76,0.6,Low,Minimal,0.29,0.31,0.76,0.69,"Coding, Problem Solving, Building",Good,On-site,Moderate,Optional
61,Automotive Engineer,Engineering,Science,0.61,0.87,0.48,0.81,0.72,600000,1800000,1200000,7228,21686,0.93,0.53,0.86,Middle,64,"Math, Physics, Chemistry",5,Medium,Yes,Low,0.61,0.76,Low,Moderate,0.07,0.17,0.51,0.85,"Coding, Problem Solving, Building",Good,Remote,Very Hard,Optional
62,Marine Engineer,Engineering,Science,0.53,0.93,0.35,0.74,0.6,600000,1800000,1200000,7228,21686,0.93,0.53,0.82,High,81,"Math, Physics, Chemistry",4,Medium,Yes,Low,0.78,0.34,High,Minimal,0.25,0.14,0.57,0.54,"Coding, Problem Solving, Building",Limited,Remote,Hard,Optional
63,Agricultural Engineer,Engineering,Science,0.7,0.95,0.55,0.47,0.63,600000,1800000,1200000,7228,21686,0.93,0.61,0.74,Low,89,"Math, Physics, Chemistry",7,Medium,Yes,Low,0.8,0.59,Low,Moderate,0.4,0.37,0.72,0.6,"Coding, Problem Solving, Building",Good,Hybrid,Moderate,Optional
64,Structural Engineer,Engineering,Science,0.52,0.85,0.26,0.8,0.62,600000,1800000,1200000,7228,21686,0.89,0.6,0.82,High,85,"Math, Physics, Chemistry",7,Medium,Yes,Low,0.73,0.61,High,Moderate,0.06,0.1,0.59,0.64,"Coding, Problem Solving, Building",Good,On-site,Easy,Optional
65,Geotechnical Engineer,Engineering,Science,0.66,0.8,0.59,0.71,0.7,600000,1800000,1200000,7228,21686,0.9,0.6,0.89,Middle,73,"Math, Physics, Chemistry",7,Medium,Yes,Low,0.49,0.36,Moderate,Moderate,0.21,0.37,0.64,0.54,"Coding, Problem Solving, Building",Excellent,On-site,Hard,Optional
66,Transportation Engineer,Engineering,Science,0.66,0.88,0.62,0.87,0.7,600000,1800000,1200000,7228,21686,0.86,0.6,0.8,Middle,83,"Math, Physics, Chemistry",7,Medium,Yes,Low,0.49,0.66,High,Minimal,0.35,0.49,0.53,0.59,"Coding, Problem Solving, Building",Good,Hybrid,Easy,Optional
67,Water Resources Engineer,Engineering,Science,0.63,0.86,0.22,0.46,0.44,600000,1800000,1200000,7228,21686,0.94,0.57,0.89,High,89,"Math, Physics, Chemistry",6,Medium,Yes,Low,0.47,0.61,High,Minimal,0.02,0.43,0.82,0.74,"Coding, Problem Solving, Building",Limited,Remote,Very Hard,Optional
68,Engineering Manager,Engineering,Science,0.54,0.93,0.24,0.63,0.38,600000,1800000,1200000,7228,21686,0.88,0.48,0.87,High,67,"Math, Physics, Chemistry",6,Medium,Yes,Low,0.73,0.45,High,Minimal,-0.09,0.26,0.59,0.73,"Coding, Problem Solving, Building",Good,Hybrid,Moderate,Optional
69,Quality Engineer,Engineering,Science,0.64,0.86,0.53,0.61,0.41,600000,1800000,1200000,7228,21686,0.86,0.8,0.77,Upper-Middle,87,"Math, Physics, Chemistry",7,Medium,Yes,Low,0.77,0.44,Low,Moderate,-0.02,0.44,0.76,0.7,"Coding, Problem Solving, Building",Good,Hybrid,Moderate,Optional
70,Systems Engineer,Engineering,Science,0.66,0.94,0.47,0.41,0.5,600000,1800000,1200000,7228,21686,0.85,0.68,0.72,Low,72,"Math, Physics, Chemistry",3,Medium,Yes,Low,0.41,0.35,Low,Moderate,0.02,0.46,0.54,0.67,"Coding, Problem Solving, Building",Good,On-site,Easy,Optional
71,Manufacturing Engineer,Engineering,Science,0.65,0.88,0.36,0.62,0.52,600000,1800000,1200000,7228,21686,0.94,0.55,0.87,Upper-Middle,60,"Math, Physics, Chemistry",6,Medium,Yes,Low,0.76,0.42,Moderate,Extensive,-0.05,0.29,0.67,0.69,"Coding, Problem Solving, Building",Limited,Hybrid,Hard,Optional
72,Process Engineer,Engineering,Science,0.7,0.95,0.37,0.67,0.56,600000,1800000,1200000,7228,21686,0.87,0.51,0.85,Middle,87,"Math, Physics, Chemistry",8,Medium,Yes,Low,0.75,0.31,Low,Minimal,0.39,0.43,0.81,0.5,"Coding, Problem Solving, Building",Limited,On-site,Moderate,Optional
73,Design Engineer,Engineering,Science,0.59,0.92,0.67,0.82,0.77,600000,1800000,1200000,7228,21686,0.87,0.35,0.76,Upper-Middle,81,"Math, Physics, Chemistry",5,Medium,Yes,Low,0.59,0.58,High,Extensive,-0.06,0.48,0.61,0.89,"Coding, Problem Solving, Building",Good,On-site,Easy,Optional
74,Project Engineer,Engineering,Science,0.57,0.93,0.25,0.41,0.61,600000,1800000,1200000,7228,21686,0.88,0.56,0.91,Middle,80,"Math, Physics, Chemistry",4,Medium,Yes,Low,0.42,0.51,Moderate,Minimal,0.13,0.6,0.6,0.8,"Coding, Problem Solving, Building",Limited,On-site,Easy,Optional
75,Research Engineer,Engineering,Science,0.65,0.95,0.58,0.49,0.41,600000,1800000,1200000,7228,21686,0.88,0.47,0.72,Low,83,"Math, Physics, Chemistry",6,Medium,Yes,Low,0.62,0.75,Moderate,Minimal,0.1,0.55,0.72,0.74,"Coding, Problem Solving, Building",Limited,Hybrid,Moderate,Optional
76,Consulting Engineer,Engineering,Science,0.62,0.89,0.52,0.41,0.75,600000,1800000,1200000,7228,21686,0.86,0.44,0.79,High,72,"Math, Physics, Chemistry",3,Medium,Yes,Low,0.79,0.75,High,Moderate,-0.03,0.59,0.65,0.88,"Coding, Problem Solving, Building",Good,Hybrid,Hard,Optional
77,Safety Engineer,Engineering,Science,0.61,0.85,0.64,0.61,0.73,600000,1800000,1200000,7228,21686,0.88,0.66,0.89,Middle,87,"Math, Physics, Chemistry",6,Medium,Yes,Low,0.46,0.36,Low,Minimal,0.11,0.56,0.53,0.79,"Coding, Problem Solving, Building",Excellent,On-site,Very Hard,Optional
78,Maintenance Engineer,Engineering,Science,0.6,0.84,0.3,0.59,0.48,600000,1800000,1200000,7228,21686,0.85,0.71,0.82,Middle,67,"Math, Physics, Chemistry",5,Medium,Yes,Low,0.56,0.63,High,Moderate,0.0,0.54,0.67,0.53,"Coding, Problem Solving, Building",Limited,Hybrid,Easy,Optional
79,Field Engineer,Engineering,Science,0.61,0.93,0.4,0.73,0.31,600000,1800000,1200000,7228,21686,0.87,0.74,0.73,High,63,"Math, Physics, Chemistry",6,Medium,Yes,Low,0.75,0.49,Low,Extensive,0.26,0.2,0.89,0.69,"Coding, Problem Solving, Building",Good,Hybrid,Moderate,Optional
80,Technical Lead,Engineering,Science,0.69,0.83,0.62,0.55,0.59,600000,1800000,1200000,7228,21686,0.94,0.72,0.86,Upper-Middle,83,"Math, Physics, Chemistry",7,Medium,Yes,Low,0.73,0.61,Moderate,Extensive,-0.06,0.13,0.63,0.89,"Coding, Problem Solving, Building",Limited,Hybrid,Hard,Optional
81,Data Scientist,Technology,Science,0.68,0.84,0.32,0.59,0.6,500000,2000000,1250000,6024,24096,0.82,0.79,0.77,High,62,"Math, Physics, Computer Science",4,High,Yes,High,0.8,0.5,Moderate,Moderate,0.39,0.47,0.67,0.64,"Coding, Gaming, Innovation",Excellent,On-site,Very Hard,Yes
82,Cybersecurity Specialist,Technology,Science,0.61,0.76,0.66,0.57,0.79,500000,2000000,1250000,6024,24096,0.88,0.36,0.71,Low,73,"Math, Physics, Computer Science",8,High,Yes,High,0.57,0.77,Low,Extensive,0.29,0.62,0.86,0.84,"Coding, Gaming, Innovation",Good,Remote,Easy,Yes
83,Web Developer,Technology,Science,0.61,0.89,0.47,0.52,0.31,500000,2000000,1250000,6024,24096,0.82,0.73,0.76,High,83,"Math, Physics, Computer Science",3,High,Yes,High,0.67,0.45,High,Moderate,0.33,0.43,0.51,0.64,"Coding, Gaming, Innovation",Limited,Hybrid,Moderate,Yes
84,Mobile App Developer,Technology,Science,0.55,0.8,0.75,0.58,0.57,500000,2000000,1250000,6024,24096,0.85,0.43,0.67,High,79,"Math, Physics, Computer Science",3,High,Yes,High,0.78,0.41,Low,Moderate,0.26,0.54,0.81,0.8,"Coding, Gaming, Innovation",Limited,On-site,Easy,Yes
85,Cloud Architect,Technology,Science,0.62,0.82,0.78,0.8,0.75,500000,2000000,1250000,6024,24096,0.85,0.32,0.74,High,71,"Math, Physics, Computer Science",8,High,Yes,High,0.64,0.42,High,Minimal,-0.03,0.58,0.53,0.72,"Coding, Gaming, Innovation",Good,On-site,Very Hard,Yes
86,Database Administrator,Technology,Science,0.51,0.73,0.49,0.47,0.52,500000,2000000,1250000,6024,24096,0.82,0.47,0.75,High,90,"Math, Physics, Computer Science",6,High,Yes,High,0.58,0.66,Low,Extensive,-0.01,0.15,0.7,0.8,"Coding, Gaming, Innovation",Good,Remote,Easy,Yes
87,UX Designer,Technology,Science,0.68,0.81,0.76,0.73,0.48,500000,2000000,1250000,6024,24096,0.88,0.33,0.72,Lower-Middle,87,"Math, Physics, Computer Science",3,High,Yes,High,0.43,0.55,High,Extensive,0.15,0.29,0.56,0.55,"Coding, Gaming, Innovation",Good,Remote,Very Hard,Yes
88,Product Manager,Technology,Science,0.56,0.7,0.76,0.53,0.61,500000,2000000,1250000,6024,24096,0.84,0.72,0.72,High,65,"Math, Physics, Computer Science",3,High,Yes,High,0.57,0.33,High,Extensive,0.26,0.25,0.77,0.84,"Coding, Gaming, Innovation",Good,Hybrid,Hard,Yes
89,Software Architect,Technology,Science,0.64,0.83,0.66,0.48,0.37,500000,2000000,1250000,6024,24096,0.86,0.44,0.85,High,63,"Math, Physics, Computer Science",4,High,Yes,High,0.44,0.76,High,Minimal,0.24,0.32,0.76,0.53,"Coding, Gaming, Innovation",Excellent,On-site,Easy,Yes
90,Game Developer,Technology,Science,0.57,0.81,0.45,0.7,0.52,500000,2000000,1250000,6024,24096,0.82,0.66,0.8,High,72,"Math, Physics, Computer Science",8,High,Yes,High,0.72,0.47,Moderate,Moderate,0.18,0.61,0.79,0.62,"Coding, Gaming, Innovation",Excellent,Remote,Very Hard,Yes
91,Blockchain Developer,Technology,Science,0.54,0.76,0.75,0.88,0.56,500000,2000000,1250000,6024,24096,0.88,0.51,0.84,Low,63,"Math, Physics, Computer Science",7,High,Yes,High,0.68,0.64,Moderate,Minimal,0.1,0.55,0.73,0.68,"Coding, Gaming, Innovation",Good,Remote,Moderate,Yes
92,Machine Learning Engineer,Technology,Science,0.51,0.86,0.21,0.52,0.79,500000,2000000,1250000,6024,24096,0.84,0.41,0.79,Low,61,"Math, Physics, Computer Science",5,High,Yes,High,0.73,0.47,Low,Extensive,0.05,0.27,0.63,0.82,"Coding, Gaming, Innovation",Limited,Hybrid,Easy,Yes
93,Full Stack Developer,Technology,Science,0.58,0.88,0.47,0.73,0.67,500000,2000000,1250000,6024,24096,0.89,0.74,0.74,High,62,"Math, Physics, Computer Science",4,High,Yes,High,0.62,0.79,High,Minimal,0.31,0.48,0.65,0.6,"Coding, Gaming, Innovation",Limited,Hybrid,Easy,Yes
94,QA Engineer,Technology,Science,0.66,0.83,0.46,0.77,0.65,500000,2000000,1250000,6024,24096,0.85,0.48,0.85,Low,62,"Math, Physics, Computer Science",5,High,Yes,High,0.61,0.66,Low,Extensive,-0.06,0.59,0.67,0.87,"Coding, Gaming, Innovation",Limited,Hybrid,Moderate,Yes
95,Systems Analyst,Technology,Science,0.52,0.78,0.22,0.72,0.62,500000,2000000,1250000,6024,24096,0.86,0.41,0.7,Upper-Middle,74,"Math, Physics, Computer Science",5,High,Yes,High,0.8,0.7,Moderate,Extensive,0.2,0.26,0.63,0.89,"Coding, Gaming, Innovation",Limited,Remote,Very Hard,Yes
96,IT Support Specialist,Technology,Science,0.53,0.78,0.26,0.75,0.75,500000,2000000,1250000,6024,24096,0.89,0.64,0.79,Upper-Middle,86,"Math, Physics, Computer Science",8,High,Yes,High,0.47,0.76,Moderate,Minimal,0.17,0.55,0.62,0.52,"Coding, Gaming, Innovation",Good,Hybrid,Very Hard,Yes
97,Frontend Developer,Technology,Science,0.53,0.81,0.21,0.5,0.64,500000,2000000,1250000,6024,24096,0.85,0.43,0.77,High,73,"Math, Physics, Computer Science",6,High,Yes,High,0.67,0.6,Moderate,Extensive,0.3,0.41,0.84,0.65,"Coding, Gaming, Innovation",Limited,Hybrid,Moderate,Yes
98,Backend Developer,Technology,Science,0.69,0.78,0.42,0.65,0.62,500000,2000000,1250000,6024,24096,0.84,0.73,0.82,Low,82,"Math, Physics, Computer Science",5,High,Yes,High,0.54,0.62,Low,Extensive,0.07,0.29,0.52,0.9,"Coding, Gaming, Innovation",Good,Remote,Easy,Yes
99,UI Designer,Technology,Science,0.66,0.75,0.46,0.65,0.38,500000,2000000,1250000,6024,24096,0.86,0.58,0.76,Upper-Middle,84,"Math, Physics, Computer Science",5,High,Yes,High,0.78,0.65,Moderate,Extensive,0.35,0.24,0.56,0.7,"Coding, Gaming, Innovation",Excellent,On-site,Very Hard,Yes
100,Technical Writer,Technology,Science,0.5,0.85,0.29,0.74,0.37,500000,2000000,1250000,6024,24096,0.83,0.49,0.77,Low,60,"Math, Physics, Computer Science",6,High,Yes,High,0.45,0.61,High,Moderate,0.34,0.32,0.54,0.78,"Coding, Gaming, Innovation",Limited,Remote,Moderate,Yes
101,Solutions Architect,Technology,Science,0.51,0.8,0.42,0.64,0.42,500000,2000000,1250000,6024,24096,0.88,0.61,0.79,Upper-Middle,77,"Math, Physics, Computer Science",8,High,Yes,High,0.54,0.64,Low,Minimal,0.39,0.5,0.62,0.79,"Coding, Gaming, Innovation",Limited,Remote,Moderate,Yes
102,Platform Engineer,Technology,Science,0.58,0.85,0.58,0.67,0.64,500000,2000000,1250000,6024,24096,0.85,0.75,0.77,Upper-Middle,70,"Math, Physics, Computer Science",5,High,Yes,High,0.73,0.31,Moderate,Moderate,0.15,0.27,0.58,0.52,"Coding, Gaming, Innovation",Excellent,Remote,Hard,Yes
103,Site Reliability Engineer,Technology,Science,0.57,0.87,0.79,0.8,0.39,500000,2000000,1250000,6024,24096,0.83,0.46,0.78,Lower-Middle,63,"Math, Physics, Computer Science",4,High,Yes,High,0.55,0.62,High,Extensive,0.19,0.6,0.52,0.55,"Coding, Gaming, Innovation",Good,Hybrid,Moderate,Yes
104,Security Analyst,Technology,Science,0.57,0.88,0.71,0.74,0.39,500000,2000000,1250000,6024,24096,0.82,0.36,0.81,Low,76,"Math, Physics, Computer Science",3,High,Yes,High,0.66,0.75,Low,Moderate,0.19,0.55,0.65,0.63,"Coding, Gaming, Innovation",Excellent,Remote,Very Hard,Yes
105,Business Intelligence Analyst,Technology,Science,0.56,0.72,0.44,0.7,0.5,500000,2000000,1250000,6024,24096,0.82,0.44,0.78,High,68,"Math, Physics, Computer Science",6,High,Yes,High,0.8,0.44,High,Extensive,0.12,0.3,0.82,0.53,"Coding, Gaming, Innovation",Limited,On-site,Easy,Yes
106,Computer Vision Engineer,Technology,Science,0.57,0.75,0.54,0.63,0.4,500000,2000000,1250000,6024,24096,0.85,0.75,0.73,Low,83,"Math, Physics, Computer Science",4,High,Yes,High,0.55,0.37,Moderate,Moderate,0.38,0.27,0.51,0.82,"Coding, Gaming, Innovation",Excellent,Hybrid,Moderate,Yes
107,IoT Developer,Technology,Science,0.6,0.75,0.29,0.43,0.37,500000,2000000,1250000,6024,24096,0.9,0.47,0.83,Lower-Middle,62,"Math, Physics, Computer Science",6,High,Yes,High,0.75,0.38,High,Minimal,0.39,0.63,0.6,0.77,"Coding, Gaming, Innovation",Good,On-site,Very Hard,Yes
108,AR/VR Developer,Technology,Science,0.63,0.82,0.71,0.81,0.46,500000,2000000,1250000,6024,24096,0.81,0.43,0.8,Upper-Middle,67,"Math, Physics, Computer Science",6,High,Yes,High,0.6,0.32,Moderate,Minimal,0.39,0.58,0.52,0.79,"Coding, Gaming, Innovation",Good,On-site,Hard,Yes
109,API Developer,Technology,Science,0.53,0.72,0.68,0.63,0.73,500000,2000000,1250000,6024,24096,0.83,0.4,0.75,Upper-Middle,74,"Math, Physics, Computer Science",3,High,Yes,High,0.52,0.64,Moderate,Minimal,0.28,0.36,0.8,0.63,"Coding, Gaming, Innovation",Good,Hybrid,Very Hard,Yes
110,Integration Developer,Technology,Science,0.63,0.73,0.55,0.82,0.45,500000,2000000,1250000,6024,24096,0.88,0.36,0.82,Upper-Middle,64,"Math, Physics, Computer Science",5,High,Yes,High,0.53,0.59,High,Minimal,0.03,0.64,0.61,0.84,"Coding, Gaming, Innovation",Good,On-site,Very Hard,Yes
111,Cloud Solutions Architect,Technology,Science,0.56,0.71,0.77,0.88,0.54,500000,2000000,1250000,6024,24096,0.89,0.39,0.71,Lower-Middle,73,"Math, Physics, Computer Science",6,High,Yes,High,0.68,0.62,Moderate,Extensive,0.07,0.13,0.63,0.65,"Coding, Gaming, Innovation",Limited,Remote,Hard,Yes
112,Tech Lead,Technology,Science,0.64,0.82,0.22,0.78,0.32,500000,2000000,1250000,6024,24096,0.82,0.42,0.7,Lower-Middle,65,"Math, Physics, Computer Science",3,High,Yes,High,0.47,0.32,High,Minimal,0.39,0.13,0.81,0.62,"Coding, Gaming, Innovation",Excellent,On-site,Moderate,Yes
113,Engineering Manager,Technology,Science,0.57,0.71,0.28,0.61,0.63,500000,2000000,1250000,6024,24096,0.89,0.75,0.67,Lower-Middle,88,"Math, Physics, Computer Science",3,High,Yes,High,0.53,0.77,Moderate,Moderate,0.2,0.16,0.89,0.58,"Coding, Gaming, Innovation",Excellent,Hybrid,Moderate,Yes
114,CTO,Technology,Science,0.52,0.78,0.74,0.6,0.66,500000,2000000,1250000,6024,24096,0.81,0.67,0.83,High,76,"Math, Physics, Computer Science",6,High,Yes,High,0.46,0.63,High,Extensive,0.11,0.45,0.86,0.8,"Coding, Gaming, Innovation",Excellent,Hybrid,Easy,Yes
115,IT Consultant,Technology,Science,0.64,0.87,0.71,0.61,0.35,500000,2000000,1250000,6024,24096,0.9,0.4,0.78,High,88,"Math, Physics, Computer Science",3,High,Yes,High,0.44,0.35,Low,Minimal,0.18,0.29,0.77,0.88,"Coding, Gaming, Innovation",Limited,On-site,Very Hard,Yes
116,Technology Evangelist,Technology,Science,0.57,0.8,0.69,0.6,0.36,500000,2000000,1250000,6024,24096,0.86,0.52,0.78,Low,73,"Math, Physics, Computer Science",5,High,Yes,High,0.45,0.52,Low,Extensive,0.26,0.49,0.77,0.5,"Coding, Gaming, Innovation",Limited,On-site,Easy,Yes
117,Digital Forensics Investigator,Technology,Science,0.51,0.83,0.57,0.51,0.6,500000,2000000,1250000,6024,24096,0.84,0.59,0.77,Middle,80,"Math, Physics, Computer Science",4,High,Yes,High,0.56,0.32,Low,Extensive,0.05,0.46,0.74,0.88,"Coding, Gaming, Innovation",Limited,On-site,Easy,Yes
118,Penetration Tester,Technology,Science,0.63,0.74,0.78,0.66,0.5,500000,2000000,1250000,6024,24096,0.82,0.51,0.82,Upper-Middle,86,"Math, Physics, Computer Science",3,High,Yes,High,0.58,0.41,Moderate,Minimal,0.21,0.65,0.71,0.68,"Coding, Gaming, Innovation",Excellent,Remote,Very Hard,Yes
119,Network Administrator,Technology,Science,0.52,0.78,0.36,0.67,0.4,500000,2000000,1250000,6024,24096,0.84,0.65,0.68,Middle,76,"Math, Physics, Computer Science",8,High,Yes,High,0.7,0.63,Low,Moderate,0.29,0.59,0.69,0.9,"Coding, Gaming, Innovation",Good,Hybrid,Moderate,Yes
120,System Administrator,Technology,Science,0.6,0.74,0.77,0.62,0.77,500000,2000000,1250000,6024,24096,0.86,0.57,0.69,Low,84,"Math, Physics, Computer Science",4,High,Yes,High,0.63,0.69,Moderate,Minimal,0.21,0.28,0.72,0.5,"Coding, Gaming, Innovation",Good,Remote,Very Hard,Yes
121,Financial Analyst,Commerce,Commerce,0.79,0.73,0.35,0.55,0.32,400000,1500000,950000,4819,18072,0.79,0.65,0.71,Middle,86,"Math, Economics, Business Studies, Accountancy",6,Medium,Optional,Low,0.69,0.36,Moderate,Extensive,0.02,0.54,0.89,0.63,"Reading, Networking, Analysis",Limited,Hybrid,Hard,Optional
122,Investment Banker,Commerce,Commerce,0.72,0.7,0.47,0.66,0.43,400000,1500000,950000,4819,18072,0.74,0.43,0.61,Upper-Middle,84,"Math, Economics, Business Studies, Accountancy",5,Medium,Optional,Low,0.52,0.34,Moderate,Minimal,0.07,0.24,0.83,0.86,"Reading, Networking, Analysis",Good,Remote,Easy,Optional
123,Accountant,Commerce,Commerce,0.68,0.73,0.63,0.53,0.67,400000,1500000,950000,4819,18072,0.71,0.66,0.59,Low,64,"Math, Economics, Business Studies, Accountancy",7,Medium,Optional,Low,0.71,0.52,Low,Extensive,-0.08,0.68,0.83,0.73,"Reading, Networking, Analysis",Good,Remote,Hard,Optional
124,Marketing Manager,Commerce,Commerce,0.6,0.76,0.35,0.77,0.75,400000,1500000,950000,4819,18072,0.76,0.53,0.64,Upper-Middle,66,"Math, Economics, Business Studies, Accountancy",7,Medium,Optional,Low,0.44,0.54,Low,Extensive,0.39,0.67,0.78,0.81,"Reading, Networking, Analysis",Good,Hybrid,Very Hard,Optional
125,Sales Manager,Commerce,Commerce,0.69,0.72,0.47,0.66,0.42,400000,1500000,950000,4819,18072,0.76,0.66,0.72,Upper-Middle,69,"Math, Economics, Business Studies, Accountancy",4,Medium,Optional,Low,0.4,0.65,Low,Minimal,0.15,0.59,0.85,0.79,"Reading, Networking, Analysis",Good,Hybrid,Moderate,Optional
126,Business Analyst,Commerce,Commerce,0.7,0.68,0.41,0.78,0.78,400000,1500000,950000,4819,18072,0.72,0.61,0.61,High,60,"Math, Economics, Business Studies, Accountancy",5,Medium,Optional,Low,0.6,0.32,Moderate,Minimal,0.07,0.33,0.67,0.55,"Reading, Networking, Analysis",Limited,On-site,Easy,Optional
127,Management Consultant,Commerce,Commerce,0.63,0.74,0.67,0.86,0.43,400000,1500000,950000,4819,18072,0.73,0.74,0.69,Low,69,"Math, Economics, Business Studies, Accountancy",3,Medium,Optional,Low,0.79,0.44,High,Minimal,0.03,0.26,0.68,0.76,"Reading, Networking, Analysis",Excellent,On-site,Very Hard,Optional
128,Operations Manager,Commerce,Commerce,0.71,0.67,0.68,0.62,0.75,400000,1500000,950000,4819,18072,0.7,0.42,0.7,Middle,61,"Math, Economics, Business Studies, Accountancy",3,Medium,Optional,Low,0.49,0.41,Low,Moderate,0.09,0.59,0.62,0.6,"Reading, Networking, Analysis",Excellent,Remote,Hard,Optional
129,HR Manager,Commerce,Commerce,0.62,0.62,0.26,0.8,0.77,400000,1500000,950000,4819,18072,0.8,0.7,0.61,High,81,"Math, Economics, Business Studies, Accountancy",4,Medium,Optional,Low,0.7,0.31,High,Moderate,0.39,0.64,0.59,0.9,"Reading, Networking, Analysis",Good,On-site,Very Hard,Optional
130,Supply Chain Manager,Commerce,Commerce,0.64,0.61,0.32,0.59,0.44,400000,1500000,950000,4819,18072,0.7,0.52,0.67,Upper-Middle,70,"Math, Economics, Business Studies, Accountancy",3,Medium,Optional,Low,0.59,0.79,Low,Minimal,0.33,0.22,0.84,0.77,"Reading, Networking, Analysis",Good,On-site,Hard,Optional
131,Project Manager,Commerce,Commerce,0.67,0.78,0.31,0.67,0.37,400000,1500000,950000,4819,18072,0.76,0.61,0.72,High,63,"Math, Economics, Business Studies, Accountancy",3,Medium,Optional,Low,0.61,0.72,Moderate,Extensive,0.09,0.61,0.61,0.63,"Reading, Networking, Analysis",Excellent,Hybrid,Moderate,Optional
132,Business Development Manager,Commerce,Commerce,0.78,0.7,0.61,0.51,0.65,400000,1500000,950000,4819,18072,0.72,0.48,0.64,Middle,88,"Math, Economics, Business Studies, Accountancy",4,Medium,Optional,Low,0.73,0.32,High,Moderate,0.04,0.27,0.69,0.81,"Reading, Networking, Analysis",Good,Hybrid,Very Hard,Optional
133,Brand Manager,Commerce,Commerce,0.72,0.73,0.77,0.89,0.48,400000,1500000,950000,4819,18072,0.72,0.78,0.65,Lower-Middle,64,"Math, Economics, Business Studies, Accountancy",6,Medium,Optional,Low,0.41,0.43,High,Minimal,0.21,0.15,0.82,0.51,"Reading, Networking, Analysis",Excellent,On-site,Very Hard,Optional
134,Digital Marketing Specialist,Commerce,Commerce,0.7,0.7,0.54,0.52,0.33,400000,1500000,950000,4819,18072,0.78,0.45,0.75,High,65,"Math, Economics, Business Studies, Accountancy",8,Medium,Optional,Low,0.54,0.38,Low,Moderate,0.02,0.16,0.77,0.52,"Reading, Networking, Analysis",Limited,Hybrid,Moderate,Optional
135,Real Estate Agent,Commerce,Commerce,0.78,0.6,0.44,0.72,0.54,400000,1500000,950000,4819,18072,0.76,0.46,0.58,Upper-Middle,87,"Math, Economics, Business Studies, Accountancy",4,Medium,Optional,Low,0.72,0.47,Low,Extensive,0.05,0.57,0.53,0.56,"Reading, Networking, Analysis",Limited,On-site,Easy,Optional
136,Insurance Agent,Commerce,Commerce,0.79,0.66,0.42,0.57,0.77,400000,1500000,950000,4819,18072,0.8,0.39,0.68,Low,79,"Math, Economics, Business Studies, Accountancy",3,Medium,Optional,Low,0.47,0.58,Moderate,Moderate,0.21,0.49,0.62,0.88,"Reading, Networking, Analysis",Good,On-site,Very Hard,Optional
137,Tax Consultant,Commerce,Commerce,0.77,0.67,0.41,0.43,0.36,400000,1500000,950000,4819,18072,0.78,0.73,0.59,Low,75,"Math, Economics, Business Studies, Accountancy",3,Medium,Optional,Low,0.42,0.38,High,Moderate,0.18,0.68,0.67,0.61,"Reading, Networking, Analysis",Good,Remote,Very Hard,Optional
138,Financial Planner,Commerce,Commerce,0.76,0.66,0.38,0.75,0.37,400000,1500000,950000,4819,18072,0.73,0.58,0.66,Upper-Middle,86,"Math, Economics, Business Studies, Accountancy",4,Medium,Optional,Low,0.68,0.58,Low,Extensive,0.09,0.15,0.86,0.56,"Reading, Networking, Analysis",Excellent,Remote,Moderate,Optional
139,Investment Advisor,Commerce,Commerce,0.67,0.68,0.26,0.48,0.71,400000,1500000,950000,4819,18072,0.7,0.78,0.75,Middle,63,"Math, Economics, Business Studies, Accountancy",8,Medium,Optional,Low,0.63,0.72,High,Moderate,0.25,0.34,0.53,0.72,"Reading, Networking, Analysis",Limited,Remote,Easy,Optional
140,Risk Analyst,Commerce,Commerce,0.72,0.66,0.53,0.89,0.35,400000,1500000,950000,4819,18072,0.71,0.63,0.64,Low,65,"Math, Economics, Business Studies, Accountancy",4,Medium,Optional,Low,0.47,0.74,Low,Minimal,-0.1,0.59,0.83,0.89,"Reading, Networking, Analysis",Excellent,Remote,Moderate,Optional
141,Compliance Officer,Commerce,Commerce,0.62,0.77,0.38,0.46,0.36,400000,1500000,950000,4819,18072,0.76,0.71,0.71,Lower-Middle,71,"Math, Economics, Business Studies, Accountancy",7,Medium,Optional,Low,0.41,0.39,Low,Extensive,-0.0,0.44,0.89,0.88,"Reading, Networking, Analysis",Excellent,Hybrid,Moderate,Optional
142,Audit Manager,Commerce,Commerce,0.63,0.68,0.29,0.8,0.73,400000,1500000,950000,4819,18072,0.72,0.38,0.67,Upper-Middle,87,"Math, Economics, Business Studies, Accountancy",6,Medium,Optional,Low,0.8,0.36,Moderate,Extensive,0.13,0.53,0.51,0.61,"Reading, Networking, Analysis",Limited,Remote,Very Hard,Optional
143,Treasury Analyst,Commerce,Commerce,0.69,0.78,0.23,0.48,0.41,400000,1500000,950000,4819,18072,0.78,0.43,0.72,Low,72,"Math, Economics, Business Studies, Accountancy",3,Medium,Optional,Low,0.78,0.68,Moderate,Moderate,0.26,0.46,0.8,0.51,"Reading, Networking, Analysis",Excellent,Hybrid,Hard,Optional
144,Credit Analyst,Commerce,Commerce,0.69,0.67,0.57,0.56,0.32,400000,1500000,950000,4819,18072,0.78,0.77,0.65,Low,69,"Math, Economics, Business Studies, Accountancy",7,Medium,Optional,Low,0.58,0.49,High,Minimal,0.28,0.34,0.54,0.85,"Reading, Networking, Analysis",Limited,On-site,Easy,Optional
145,Budget Analyst,Commerce,Commerce,0.7,0.7,0.72,0.58,0.62,400000,1500000,950000,4819,18072,0.78,0.33,0.58,Lower-Middle,76,"Math, Economics, Business Studies, Accountancy",3,Medium,Optional,Low,0.42,0.74,Moderate,Extensive,0.04,0.28,0.63,0.72,"Reading, Networking, Analysis",Limited,On-site,Hard,Optional
146,Market Research Analyst,Commerce,Commerce,0.74,0.65,0.68,0.45,0.34,400000,1500000,950000,4819,18072,0.78,0.74,0.59,High,69,"Math, Economics, Business Studies, Accountancy",7,Medium,Optional,Low,0.77,0.8,Low,Extensive,0.18,0.44,0.81,0.8,"Reading, Networking, Analysis",Limited,Remote,Very Hard,Optional
147,Product Marketing Manager,Commerce,Commerce,0.73,0.63,0.37,0.73,0.74,400000,1500000,950000,4819,18072,0.79,0.45,0.65,Middle,74,"Math, Economics, Business Studies, Accountancy",6,Medium,Optional,Low,0.67,0.51,Moderate,Minimal,0.23,0.64,0.79,0.78,"Reading, Networking, Analysis",Limited,Remote,Hard,Optional
148,Sales Representative,Commerce,Commerce,0.68,0.77,0.67,0.43,0.3,400000,1500000,950000,4819,18072,0.78,0.36,0.71,Low,81,"Math, Economics, Business Studies, Accountancy",6,Medium,Optional,Low,0.59,0.49,Low,Moderate,0.3,0.24,0.74,0.82,"Reading, Networking, Analysis",Excellent,On-site,Hard,Optional
149,Account Manager,Commerce,Commerce,0.6,0.76,0.56,0.76,0.6,400000,1500000,950000,4819,18072,0.71,0.38,0.69,Lower-Middle,74,"Math, Economics, Business Studies, Accountancy",5,Medium,Optional,Low,0.75,0.38,Moderate,Extensive,0.36,0.3,0.82,0.66,"Reading, Networking, Analysis",Excellent,Remote,Moderate,Optional
150,Customer Success Manager,Commerce,Commerce,0.75,0.71,0.78,0.53,0.61,400000,1500000,950000,4819,18072,0.73,0.76,0.77,High,66,"Math, Economics, Business Studies, Accountancy",3,Medium,Optional,Low,0.7,0.53,Moderate,Moderate,-0.09,0.7,0.57,0.78,"Reading, Networking, Analysis",Excellent,On-site,Very Hard,Optional
151,Public Relations Manager,Commerce,Commerce,0.73,0.72,0.42,0.48,0.66,400000,1500000,950000,4819,18072,0.73,0.42,0.66,High,64,"Math, Economics, Business Studies, Accountancy",6,Medium,Optional,Low,0.67,0.41,Moderate,Extensive,0.24,0.64,0.73,0.86,"Reading, Networking, Analysis",Limited,On-site,Easy,Optional
152,Content Marketing Manager,Commerce,Commerce,0.65,0.67,0.79,0.57,0.78,400000,1500000,950000,4819,18072,0.72,0.76,0.67,Lower-Middle,87,"Math, Economics, Business Studies, Accountancy",6,Medium,Optional,Low,0.41,0.72,High,Minimal,0.34,0.44,0.72,0.75,"Reading, Networking, Analysis",Good,On-site,Very Hard,Optional
153,SEO Specialist,Commerce,Commerce,0.74,0.7,0.4,0.43,0.63,400000,1500000,950000,4819,18072,0.76,0.56,0.73,Lower-Middle,62,"Math, Economics, Business Studies, Accountancy",8,Medium,Optional,Low,0.54,0.52,High,Moderate,0.08,0.27,0.88,0.89,"Reading, Networking, Analysis",Excellent,On-site,Easy,Optional
154,Social Media Manager,Commerce,Commerce,0.73,0.77,0.74,0.59,0.37,400000,1500000,950000,4819,18072,0.7,0.55,0.65,Lower-Middle,69,"Math, Economics, Business Studies, Accountancy",8,Medium,Optional,Low,0.41,0.45,High,Moderate,0.02,0.37,0.85,0.79,"Reading, Networking, Analysis",Excellent,Remote,Easy,Optional
155,Procurement Specialist,Commerce,Commerce,0.8,0.71,0.76,0.46,0.59,400000,1500000,950000,4819,18072,0.79,0.77,0.67,Middle,82,"Math, Economics, Business Studies, Accountancy",8,Medium,Optional,Low,0.54,0.78,Low,Moderate,0.1,0.52,0.51,0.8,"Reading, Networking, Analysis",Excellent,On-site,Very Hard,Optional
156,Operations Research Analyst,Commerce,Commerce,0.7,0.69,0.22,0.73,0.38,400000,1500000,950000,4819,18072,0.72,0.51,0.6,Middle,73,"Math, Economics, Business Studies, Accountancy",8,Medium,Optional,Low,0.42,0.6,High,Extensive,0.18,0.11,0.77,0.75,"Reading, Networking, Analysis",Limited,On-site,Hard,Optional
157,Strategy Consultant,Commerce,Commerce,0.73,0.73,0.45,0.84,0.56,400000,1500000,950000,4819,18072,0.73,0.34,0.74,High,90,"Math, Economics, Business Studies, Accountancy",6,Medium,Optional,Low,0.55,0.47,High,Minimal,0.38,0.38,0.59,0.71,"Reading, Networking, Analysis",Good,Remote,Moderate,Optional
158,Venture Capitalist,Commerce,Commerce,0.74,0.77,0.29,0.67,0.63,400000,1500000,950000,4819,18072,0.77,0.32,0.62,Upper-Middle,60,"Math, Economics, Business Studies, Accountancy",5,Medium,Optional,Low,0.61,0.66,High,Extensive,0.37,0.21,0.79,0.55,"Reading, Networking, Analysis",Good,Remote,Moderate,Optional
159,Private Equity Analyst,Commerce,Commerce,0.78,0.69,0.49,0.86,0.51,400000,1500000,950000,4819,18072,0.8,0.38,0.71,Middle,79,"Math, Economics, Business Studies, Accountancy",4,Medium,Optional,Low,0.54,0.35,Moderate,Moderate,0.06,0.1,0.8,0.9,"Reading, Networking, Analysis",Excellent,Hybrid,Very Hard,Optional
160,Corporate Development Manager,Commerce,Commerce,0.75,0.71,0.45,0.51,0.34,400000,1500000,950000,4819,18072,0.79,0.48,0.75,Lower-Middle,84,"Math, Economics, Business Studies, Accountancy",6,Medium,Optional,Low,0.43,0.67,Low,Minimal,0.38,0.29,0.63,0.62,"Reading, Networking, Analysis",Excellent,On-site,Easy,Optional
161,Lawyer,Law,Arts,0.94,0.63,0.56,0.68,0.41,500000,2000000,1250000,6024,24096,0.75,0.7,0.79,Middle,86,"History, Civics, English, Economics",6,Medium,Optional,Low,0.59,0.42,Moderate,Moderate,0.14,0.55,0.78,0.59,"Reading, Debate, Writing",Limited,Hybrid,Very Hard,Yes
162,Judge,Law,Arts,0.94,0.52,0.41,0.51,0.4,500000,2000000,1250000,6024,24096,0.76,0.57,0.72,Lower-Middle,68,"History, Civics, English, Economics",4,Medium,Optional,Low,0.57,0.5,Moderate,Minimal,0.24,0.39,0.6,0.73,"Reading, Debate, Writing",Limited,Hybrid,Moderate,Yes
163,Corporate Lawyer,Law,Arts,0.86,0.61,0.22,0.61,0.54,500000,2000000,1250000,6024,24096,0.81,0.5,0.7,Low,65,"History, Civics, English, Economics",5,Medium,Optional,Low,0.63,0.57,Low,Moderate,0.09,0.58,0.68,0.9,"Reading, Debate, Writing",Limited,Remote,Moderate,Yes
164,Criminal Lawyer,Law,Arts,0.83,0.69,0.69,0.75,0.7,500000,2000000,1250000,6024,24096,0.82,0.44,0.75,High,62,"History, Civics, English, Economics",4,Medium,Optional,Low,0.48,0.71,High,Extensive,0.24,0.15,0.89,0.71,"Reading, Debate, Writing",Limited,On-site,Very Hard,Yes
165,Patent Attorney,Law,Arts,0.93,0.6,0.67,0.83,0.33,500000,2000000,1250000,6024,24096,0.79,0.73,0.72,Low,87,"History, Civics, English, Economics",7,Medium,Optional,Low,0.55,0.42,Moderate,Moderate,0.02,0.13,0.69,0.59,"Reading, Debate, Writing",Excellent,On-site,Very Hard,Yes
166,Legal Advisor,Law,Arts,0.8,0.7,0.33,0.85,0.47,500000,2000000,1250000,6024,24096,0.81,0.68,0.79,Low,74,"History, Civics, English, Economics",3,Medium,Optional,Low,0.63,0.46,Moderate,Moderate,0.09,0.51,0.64,0.89,"Reading, Debate, Writing",Good,Remote,Moderate,Yes
167,Paralegal,Law,Arts,0.88,0.69,0.46,0.74,0.57,500000,2000000,1250000,6024,24096,0.81,0.36,0.64,Middle,62,"History, Civics, English, Economics",7,Medium,Optional,Low,0.79,0.54,Low,Extensive,-0.1,0.39,0.8,0.59,"Reading, Debate, Writing",Excellent,Hybrid,Very Hard,Yes
168,Court Reporter,Law,Arts,0.92,0.53,0.39,0.87,0.77,500000,2000000,1250000,6024,24096,0.77,0.43,0.71,Middle,69,"History, Civics, English, Economics",4,Medium,Optional,Low,0.62,0.66,Moderate,Moderate,0.39,0.27,0.82,0.77,"Reading, Debate, Writing",Limited,On-site,Hard,Yes
169,Legal Secretary,Law,Arts,0.97,0.52,0.22,0.59,0.62,500000,2000000,1250000,6024,24096,0.83,0.46,0.79,Low,74,"History, Civics, English, Economics",8,Medium,Optional,Low,0.75,0.52,Low,Moderate,0.36,0.45,0.88,0.75,"Reading, Debate, Writing",Good,On-site,Easy,Yes
170,Compliance Officer,Law,Arts,0.96,0.57,0.2,0.57,0.39,500000,2000000,1250000,6024,24096,0.77,0.54,0.78,Upper-Middle,80,"History, Civics, English, Economics",4,Medium,Optional,Low,0.66,0.45,High,Minimal,0.19,0.26,0.9,0.84,"Reading, Debate, Writing",Limited,On-site,Hard,Yes
171,Contract Manager,Law,Arts,0.92,0.51,0.22,0.53,0.57,500000,2000000,1250000,6024,24096,0.77,0.6,0.63,High,80,"History, Civics, English, Economics",4,Medium,Optional,Low,0.73,0.61,High,Minimal,0.26,0.68,0.81,0.85,"Reading, Debate, Writing",Good,Remote,Hard,Yes
172,Immigration Lawyer,Law,Arts,0.98,0.5,0.6,0.61,0.68,500000,2000000,1250000,6024,24096,0.83,0.68,0.67,Low,67,"History, Civics, English, Economics",6,Medium,Optional,Low,0.72,0.74,Low,Minimal,-0.03,0.48,0.79,0.7,"Reading, Debate, Writing",Good,On-site,Easy,Yes
173,Tax Attorney,Law,Arts,0.83,0.55,0.64,0.41,0.61,500000,2000000,1250000,6024,24096,0.83,0.71,0.72,Lower-Middle,76,"History, Civics, English, Economics",6,Medium,Optional,Low,0.73,0.31,Low,Extensive,0.38,0.11,0.88,0.63,"Reading, Debate, Writing",Excellent,On-site,Hard,Yes
174,Public Defender,Law,Arts,0.9,0.54,0.29,0.42,0.44,500000,2000000,1250000,6024,24096,0.78,0.75,0.69,Low,86,"History, Civics, English, Economics",6,Medium,Optional,Low,0.71,0.61,Low,Moderate,0.28,0.53,0.82,0.69,"Reading, Debate, Writing",Limited,Remote,Easy,Yes
175,District Attorney,Law,Arts,0.94,0.53,0.77,0.58,0.58,500000,2000000,1250000,6024,24096,0.84,0.64,0.78,High,60,"History, Civics, English, Economics",3,Medium,Optional,Low,0.71,0.77,Moderate,Minimal,0.11,0.68,0.75,0.75,"Reading, Debate, Writing",Excellent,Hybrid,Easy,Yes
176,Legal Consultant,Law,Arts,0.83,0.62,0.75,0.49,0.79,500000,2000000,1250000,6024,24096,0.81,0.73,0.79,Lower-Middle,83,"History, Civics, English, Economics",4,Medium,Optional,Low,0.73,0.55,High,Minimal,0.36,0.14,0.58,0.51,"Reading, Debate, Writing",Limited,Remote,Easy,Yes
177,Intellectual Property Lawyer,Law,Arts,0.93,0.51,0.42,0.61,0.67,500000,2000000,1250000,6024,24096,0.84,0.61,0.73,Upper-Middle,80,"History, Civics, English, Economics",3,Medium,Optional,Low,0.49,0.57,Moderate,Extensive,0.2,0.4,0.6,0.66,"Reading, Debate, Writing",Good,Remote,Moderate,Yes
178,Environmental Lawyer,Law,Arts,0.85,0.56,0.23,0.74,0.58,500000,2000000,1250000,6024,24096,0.83,0.43,0.64,Upper-Middle,62,"History, Civics, English, Economics",8,Medium,Optional,Low,0.54,0.76,High,Minimal,0.07,0.59,0.65,0.77,"Reading, Debate, Writing",Limited,Hybrid,Very Hard,Yes
179,Labor Relations Lawyer,Law,Arts,0.92,0.68,0.51,0.73,0.7,500000,2000000,1250000,6024,24096,0.84,0.67,0.65,Low,64,"History, Civics, English, Economics",7,Medium,Optional,Low,0.42,0.48,High,Minimal,-0.06,0.25,0.81,0.81,"Reading, Debate, Writing",Limited,Remote,Hard,Yes
180,Family Lawyer,Law,Arts,0.99,0.56,0.38,0.49,0.59,500000,2000000,1250000,6024,24096,0.84,0.74,0.71,High,88,"History, Civics, English, Economics",6,Medium,Optional,Low,0.72,0.67,High,Extensive,0.33,0.68,0.73,0.78,"Reading, Debate, Writing",Good,Remote,Hard,Yes
181,Real Estate Lawyer,Law,Arts,0.99,0.63,0.65,0.67,0.3,500000,2000000,1250000,6024,24096,0.8,0.79,0.77,Middle,68,"History, Civics, English, Economics",5,Medium,Optional,Low,0.64,0.49,High,Minimal,0.24,0.21,0.7,0.68,"Reading, Debate, Writing",Excellent,Hybrid,Hard,Yes
182,Securities Lawyer,Law,Arts,0.97,0.6,0.57,0.49,0.39,500000,2000000,1250000,6024,24096,0.82,0.38,0.78,Lower-Middle,72,"History, Civics, English, Economics",3,Medium,Optional,Low,0.65,0.53,Low,Minimal,0.26,0.48,0.77,0.75,"Reading, Debate, Writing",Good,On-site,Very Hard,Yes
183,International Lawyer,Law,Arts,0.8,0.55,0.32,0.73,0.79,500000,2000000,1250000,6024,24096,0.76,0.36,0.62,Low,87,"History, Civics, English, Economics",8,Medium,Optional,Low,0.69,0.68,Moderate,Extensive,0.06,0.43,0.65,0.85,"Reading, Debate, Writing",Limited,On-site,Hard,Yes
184,Legal Researcher,Law,Arts,0.84,0.61,0.71,0.53,0.58,500000,2000000,1250000,6024,24096,0.75,0.35,0.64,Middle,77,"History, Civics, English, Economics",5,Medium,Optional,Low,0.58,0.6,Low,Minimal,0.12,0.56,0.7,0.75,"Reading, Debate, Writing",Good,On-site,Very Hard,Yes
185,Law Clerk,Law,Arts,0.99,0.64,0.3,0.48,0.43,500000,2000000,1250000,6024,24096,0.79,0.36,0.66,High,84,"History, Civics, English, Economics",5,Medium,Optional,Low,0.53,0.78,Moderate,Extensive,0.03,0.45,0.63,0.62,"Reading, Debate, Writing",Excellent,Hybrid,Very Hard,Yes
186,Legal Analyst,Law,Arts,0.91,0.58,0.54,0.7,0.74,500000,2000000,1250000,6024,24096,0.77,0.79,0.67,Upper-Middle,69,"History, Civics, English, Economics",8,Medium,Optional,Low,0.65,0.53,High,Extensive,0.07,0.45,0.6,0.7,"Reading, Debate, Writing",Limited,On-site,Easy,Yes
187,Mediator,Law,Arts,1.0,0.57,0.26,0.65,0.45,500000,2000000,1250000,6024,24096,0.77,0.62,0.79,Low,80,"History, Civics, English, Economics",7,Medium,Optional,Low,0.48,0.65,Low,Minimal,0.22,0.33,0.6,0.69,"Reading, Debate, Writing",Good,On-site,Easy,Yes
188,Arbitrator,Law,Arts,0.87,0.69,0.61,0.71,0.65,500000,2000000,1250000,6024,24096,0.82,0.79,0.71,Middle,81,"History, Civics, English, Economics",7,Medium,Optional,Low,0.46,0.55,High,Extensive,0.23,0.16,0.7,0.77,"Reading, Debate, Writing",Limited,Remote,Very Hard,Yes
189,Legal Writer,Law,Arts,0.89,0.58,0.29,0.88,0.31,500000,2000000,1250000,6024,24096,0.75,0.38,0.63,Low,78,"History, Civics, English, Economics",4,Medium,Optional,Low,0.52,0.71,Low,Minimal,0.13,0.35,0.55,0.61,"Reading, Debate, Writing",Limited,On-site,Moderate,Yes
190,Court Administrator,Law,Arts,0.92,0.64,0.37,0.64,0.66,500000,2000000,1250000,6024,24096,0.85,0.58,0.7,Lower-Middle,68,"History, Civics, English, Economics",8,Medium,Optional,Low,0.78,0.43,High,Extensive,0.37,0.65,0.63,0.61,"Reading, Debate, Writing",Good,Hybrid,Very Hard,Yes
191,Probation Officer,Law,Arts,0.95,0.63,0.5,0.52,0.5,500000,2000000,1250000,6024,24096,0.79,0.37,0.79,Upper-Middle,73,"History, Civics, English, Economics",4,Medium,Optional,Low,0.47,0.53,High,Moderate,0.31,0.44,0.53,0.84,"Reading, Debate, Writing",Limited,Remote,Moderate,Yes
192,Legal Aid Worker,Law,Arts,0.89,0.59,0.23,0.52,0.36,500000,2000000,1250000,6024,24096,0.76,0.75,0.78,Lower-Middle,76,"History, Civics, English, Economics",6,Medium,Optional,Low,0.51,0.7,High,Minimal,0.01,0.66,0.74,0.75,"Reading, Debate, Writing",Excellent,On-site,Very Hard,Yes
193,Policy Analyst,Law,Arts,0.96,0.7,0.78,0.88,0.41,500000,2000000,1250000,6024,24096,0.77,0.59,0.79,Middle,76,"History, Civics, English, Economics",6,Medium,Optional,Low,0.72,0.57,Moderate,Extensive,0.28,0.21,0.51,0.6,"Reading, Debate, Writing",Good,Remote,Moderate,Yes
194,Regulatory Affairs Specialist,Law,Arts,0.95,0.65,0.47,0.58,0.62,500000,2000000,1250000,6024,24096,0.79,0.45,0.76,Upper-Middle,69,"History, Civics, English, Economics",5,Medium,Optional,Low,0.66,0.45,Moderate,Moderate,0.08,0.34,0.74,0.76,"Reading, Debate, Writing",Good,Remote,Very Hard,Yes
195,Government Lawyer,Law,Arts,0.98,0.7,0.33,0.73,0.32,500000,2000000,1250000,6024,24096,0.76,0.57,0.8,Upper-Middle,71,"History, Civics, English, Economics",3,Medium,Optional,Low,0.76,0.48,Moderate,Minimal,0.02,0.7,0.8,0.71,"Reading, Debate, Writing",Limited,On-site,Moderate,Yes
196,Legislative Assistant,Law,Arts,0.89,0.62,0.39,0.49,0.33,500000,2000000,1250000,6024,24096,0.77,0.64,0.81,Lower-Middle,76,"History, Civics, English, Economics",5,Medium,Optional,Low,0.67,0.53,High,Minimal,-0.07,0.42,0.58,0.58,"Reading, Debate, Writing",Good,On-site,Easy,Yes
197,Legal Technology Specialist,Law,Arts,0.83,0.52,0.44,0.47,0.39,500000,2000000,1250000,6024,24096,0.75,0.38,0.69,High,68,"History, Civics, English, Economics",3,Medium,Optional,Low,0.67,0.57,High,Minimal,0.12,0.14,0.59,0.59,"Reading, Debate, Writing",Limited,Remote,Moderate,Yes
198,Forensic Lawyer,Law,Arts,1.0,0.56,0.4,0.46,0.6,500000,2000000,1250000,6024,24096,0.75,0.43,0.63,Lower-Middle,75,"History, Civics, English, Economics",4,Medium,Optional,Low,0.47,0.35,Moderate,Minimal,0.39,0.3,0.55,0.67,"Reading, Debate, Writing",Limited,Remote,Hard,Yes
199,Sports Lawyer,Law,Arts,0.95,0.62,0.45,0.68,0.71,500000,2000000,1250000,6024,24096,0.85,0.38,0.72,Lower-Middle,77,"History, Civics, English, Economics",7,Medium,Optional,Low,0.7,0.5,Moderate,Extensive,0.3,0.65,0.9,0.89,"Reading, Debate, Writing",Limited,Remote,Easy,Yes
200,Entertainment Lawyer,Law,Arts,0.96,0.69,0.36,0.76,0.68,500000,2000000,1250000,6024,24096,0.75,0.67,0.65,Lower-Middle,88,"History, Civics, English, Economics",4,Medium,Optional,Low,0.79,0.42,High,Extensive,0.04,0.53,0.57,0.89,"Reading, Debate, Writing",Good,On-site,Moderate,Yes
201,Research Scientist,Science,Science,0.78,0.78,0.71,0.74,0.61,400000,1200000,800000,4819,14457,0.81,0.71,0.84,High,80,"Biology, Chemistry, Physics, Math",3,High,Optional,Low,0.48,0.34,Moderate,Minimal,-0.06,0.66,0.84,0.54,"Reading, Research, Experimentation",Limited,Hybrid,Moderate,Optional
202,Environmental Scientist,Science,Science,0.71,0.83,0.28,0.82,0.32,400000,1200000,800000,4819,14457,0.8,0.7,0.79,Low,84,"Biology, Chemistry, Physics, Math",4,High,Optional,Low,0.8,0.63,Moderate,Minimal,0.02,0.65,0.89,0.68,"Reading, Research, Experimentation",Excellent,On-site,Easy,Optional
203,Marine Biologist,Science,Science,0.71,0.79,0.49,0.81,0.32,400000,1200000,800000,4819,14457,0.83,0.79,0.68,Middle,61,"Biology, Chemistry, Physics, Math",4,High,Optional,Low,0.44,0.33,Low,Minimal,0.0,0.1,0.5,0.76,"Reading, Research, Experimentation",Good,On-site,Moderate,Optional
204,Physicist,Science,Science,0.69,0.85,0.51,0.5,0.71,400000,1200000,800000,4819,14457,0.87,0.72,0.76,High,69,"Biology, Chemistry, Physics, Math",8,High,Optional,Low,0.41,0.7,Moderate,Moderate,0.05,0.14,0.73,0.71,"Reading, Research, Experimentation",Limited,Remote,Very Hard,Optional
205,Chemist,Science,Science,0.71,0.72,0.7,0.42,0.43,400000,1200000,800000,4819,14457,0.87,0.57,0.74,Low,72,"Biology, Chemistry, Physics, Math",6,High,Optional,Low,0.75,0.4,High,Minimal,0.32,0.41,0.56,0.74,"Reading, Research, Experimentation",Excellent,Remote,Hard,Optional
206,Biologist,Science,Science,0.76,0.84,0.36,0.81,0.33,400000,1200000,800000,4819,14457,0.84,0.58,0.85,Low,89,"Biology, Chemistry, Physics, Math",8,High,Optional,Low,0.51,0.74,Moderate,Minimal,0.07,0.63,0.85,0.53,"Reading, Research, Experimentation",Excellent,On-site,Very Hard,Optional
207,Geologist,Science,Science,0.72,0.77,0.77,0.45,0.34,400000,1200000,800000,4819,14457,0.83,0.77,0.7,Lower-Middle,66,"Biology, Chemistry, Physics, Math",5,High,Optional,Low,0.68,0.46,Moderate,Minimal,0.16,0.49,0.63,0.88,"Reading, Research, Experimentation",Limited,Hybrid,Easy,Optional
208,Meteorologist,Science,Science,0.66,0.74,0.54,0.76,0.56,400000,1200000,800000,4819,14457,0.8,0.7,0.72,Middle,74,"Biology, Chemistry, Physics, Math",7,High,Optional,Low,0.54,0.7,Moderate,Minimal,0.35,0.22,0.75,0.88,"Reading, Research, Experimentation",Good,Hybrid,Hard,Optional
209,Astronomer,Science,Science,0.64,0.84,0.52,0.8,0.52,400000,1200000,800000,4819,14457,0.85,0.45,0.81,Low,83,"Biology, Chemistry, Physics, Math",8,High,Optional,Low,0.47,0.59,Low,Moderate,0.35,0.19,0.68,0.63,"Reading, Research, Experimentation",Good,On-site,Hard,Optional
210,Materials Scientist,Science,Science,0.69,0.74,0.34,0.42,0.79,400000,1200000,800000,4819,14457,0.85,0.77,0.75,Low,60,"Biology, Chemistry, Physics, Math",7,High,Optional,Low,0.58,0.62,Low,Extensive,0.11,0.44,0.84,0.84,"Reading, Research, Experimentation",Limited,Remote,Moderate,Optional
211,Food Scientist,Science,Science,0.66,0.78,0.57,0.84,0.67,400000,1200000,800000,4819,14457,0.85,0.54,0.81,Low,89,"Biology, Chemistry, Physics, Math",8,High,Optional,Low,0.42,0.62,Moderate,Minimal,0.28,0.64,0.87,0.88,"Reading, Research, Experimentation",Limited,On-site,Very Hard,Optional
212,Forensic Scientist,Science,Science,0.77,0.75,0.76,0.66,0.59,400000,1200000,800000,4819,14457,0.84,0.39,0.84,Upper-Middle,77,"Biology, Chemistry, Physics, Math",6,High,Optional,Low,0.72,0.38,High,Moderate,0.38,0.16,0.58,0.74,"Reading, Research, Experimentation",Excellent,Remote,Hard,Optional
213,Wildlife Biologist,Science,Science,0.67,0.89,0.45,0.84,0.49,400000,1200000,800000,4819,14457,0.83,0.74,0.84,Middle,65,"Biology, Chemistry, Physics, Math",6,High,Optional,Low,0.6,0.56,Moderate,Extensive,-0.03,0.59,0.61,0.64,"Reading, Research, Experimentation",Good,Remote,Moderate,Optional
214,Botanist,Science,Science,0.65,0.89,0.8,0.62,0.56,400000,1200000,800000,4819,14457,0.89,0.66,0.69,Lower-Middle,64,"Biology, Chemistry, Physics, Math",7,High,Optional,Low,0.69,0.45,High,Extensive,0.39,0.48,0.63,0.84,"Reading, Research, Experimentation",Good,Hybrid,Moderate,Optional
215,Microbiologist,Science,Science,0.71,0.72,0.25,0.59,0.55,400000,1200000,800000,4819,14457,0.89,0.58,0.74,Middle,87,"Biology, Chemistry, Physics, Math",7,High,Optional,Low,0.78,0.52,Low,Extensive,0.04,0.42,0.89,0.85,"Reading, Research, Experimentation",Limited,On-site,Hard,Optional
216,Biochemist,Science,Science,0.76,0.72,0.54,0.56,0.53,400000,1200000,800000,4819,14457,0.87,0.6,0.84,Upper-Middle,90,"Biology, Chemistry, Physics, Math",5,High,Optional,Low,0.58,0.7,High,Moderate,-0.06,0.43,0.8,0.69,"Reading, Research, Experimentation",Excellent,On-site,Hard,Optional
217,Data Scientist,Science,Science,0.68,0.82,0.23,0.75,0.36,400000,1200000,800000,4819,14457,0.82,0.75,0.73,High,84,"Biology, Chemistry, Physics, Math",6,High,Optional,Low,0.69,0.62,Moderate,Minimal,0.2,0.14,0.81,0.8,"Reading, Research, Experimentation",Excellent,Remote,Easy,Optional
218,Climate Scientist,Science,Science,0.78,0.71,0.39,0.52,0.46,400000,1200000,800000,4819,14457,0.84,0.59,0.75,Lower-Middle,65,"Biology, Chemistry, Physics, Math",4,High,Optional,Low,0.6,0.65,High,Minimal,0.27,0.45,0.7,0.56,"Reading, Research, Experimentation",Excellent,Remote,Hard,Optional
219,Conservation Scientist,Science,Science,0.6,0.81,0.32,0.87,0.55,400000,1200000,800000,4819,14457,0.82,0.39,0.79,High,65,"Biology, Chemistry, Physics, Math",5,High,Optional,Low,0.62,0.35,Low,Moderate,0.23,0.56,0.79,0.79,"Reading, Research, Experimentation",Limited,Remote,Very Hard,Optional
220,Agricultural Scientist,Science,Science,0.67,0.81,0.76,0.61,0.47,400000,1200000,800000,4819,14457,0.87,0.67,0.72,Upper-Middle,61,"Biology, Chemistry, Physics, Math",6,High,Optional,Low,0.5,0.39,Moderate,Extensive,-0.06,0.28,0.55,0.53,"Reading, Research, Experimentation",Good,On-site,Moderate,Optional
221,Space Scientist,Science,Science,0.62,0.81,0.26,0.56,0.7,400000,1200000,800000,4819,14457,0.82,0.52,0.76,Middle,79,"Biology, Chemistry, Physics, Math",8,High,Optional,Low,0.62,0.45,Low,Extensive,-0.08,0.55,0.73,0.83,"Reading, Research, Experimentation",Limited,Remote,Very Hard,Optional
222,Nuclear Physicist,Science,Science,0.61,0.71,0.65,0.51,0.69,400000,1200000,800000,4819,14457,0.82,0.48,0.72,Upper-Middle,73,"Biology, Chemistry, Physics, Math",7,High,Optional,Low,0.78,0.39,Low,Moderate,0.02,0.44,0.89,0.84,"Reading, Research, Experimentation",Good,On-site,Moderate,Optional
223,Theoretical Physicist,Science,Science,0.61,0.88,0.55,0.79,0.34,400000,1200000,800000,4819,14457,0.89,0.7,0.78,Lower-Middle,62,"Biology, Chemistry, Physics, Math",8,High,Optional,Low,0.77,0.74,Low,Minimal,0.12,0.12,0.51,0.66,"Reading, Research, Experimentation",Limited,Remote,Easy,Optional
224,Experimental Physicist,Science,Science,0.75,0.71,0.48,0.5,0.55,400000,1200000,800000,4819,14457,0.88,0.5,0.86,Lower-Middle,90,"Biology, Chemistry, Physics, Math",7,High,Optional,Low,0.78,0.31,Moderate,Moderate,-0.07,0.3,0.68,0.83,"Reading, Research, Experimentation",Excellent,On-site,Moderate,Optional
225,Organic Chemist,Science,Science,0.78,0.86,0.67,0.66,0.42,400000,1200000,800000,4819,14457,0.85,0.31,0.78,High,61,"Biology, Chemistry, Physics, Math",5,High,Optional,Low,0.66,0.35,Moderate,Moderate,0.21,0.16,0.71,0.71,"Reading, Research, Experimentation",Limited,Remote,Hard,Optional
226,Inorganic Chemist,Science,Science,0.62,0.71,0.69,0.63,0.54,400000,1200000,800000,4819,14457,0.87,0.47,0.72,Low,63,"Biology, Chemistry, Physics, Math",5,High,Optional,Low,0.52,0.69,High,Minimal,0.12,0.3,0.67,0.52,"Reading, Research, Experimentation",Good,On-site,Hard,Optional
227,Analytical Chemist,Science,Science,0.66,0.77,0.77,0.43,0.76,400000,1200000,800000,4819,14457,0.88,0.47,0.67,Lower-Middle,61,"Biology, Chemistry, Physics, Math",3,High,Optional,Low,0.56,0.41,Moderate,Moderate,0.05,0.52,0.51,0.84,"Reading, Research, Experimentation",Excellent,Remote,Easy,Optional
228,Molecular Biologist,Science,Science,0.71,0.86,0.73,0.45,0.4,400000,1200000,800000,4819,14457,0.87,0.65,0.83,Middle,69,"Biology, Chemistry, Physics, Math",7,High,Optional,Low,0.7,0.63,Low,Moderate,0.33,0.31,0.58,0.55,"Reading, Research, Experimentation",Excellent,Remote,Very Hard,Optional
229,Cell Biologist,Science,Science,0.66,0.88,0.52,0.76,0.48,400000,1200000,800000,4819,14457,0.89,0.71,0.76,Low,67,"Biology, Chemistry, Physics, Math",8,High,Optional,Low,0.74,0.36,Low,Extensive,0.39,0.38,0.85,0.57,"Reading, Research, Experimentation",Limited,Remote,Easy,Optional
230,Geneticist,Science,Science,0.72,0.89,0.63,0.86,0.69,400000,1200000,800000,4819,14457,0.89,0.45,0.75,High,86,"Biology, Chemistry, Physics, Math",6,High,Optional,Low,0.76,0.53,Moderate,Moderate,-0.01,0.44,0.56,0.79,"Reading, Research, Experimentation",Limited,Hybrid,Very Hard,Optional
231,Ecologist,Science,Science,0.69,0.72,0.52,0.47,0.73,400000,1200000,800000,4819,14457,0.85,0.79,0.79,Middle,90,"Biology, Chemistry, Physics, Math",8,High,Optional,Low,0.77,0.79,High,Moderate,0.27,0.58,0.68,0.89,"Reading, Research, Experimentation",Excellent,Hybrid,Hard,Optional
232,Zoologist,Science,Science,0.76,0.89,0.53,0.86,0.7,400000,1200000,800000,4819,14457,0.84,0.57,0.82,Middle,80,"Biology, Chemistry, Physics, Math",5,High,Optional,Low,0.74,0.42,Low,Minimal,0.31,0.12,0.65,0.73,"Reading, Research, Experimentation",Limited,On-site,Moderate,Optional
233,Entomologist,Science,Science,0.69,0.85,0.55,0.67,0.65,400000,1200000,800000,4819,14457,0.85,0.43,0.79,High,73,"Biology, Chemistry, Physics, Math",6,High,Optional,Low,0.76,0.79,High,Extensive,0.24,0.42,0.52,0.66,"Reading, Research, Experimentation",Limited,Hybrid,Very Hard,Optional
234,Paleontologist,Science,Science,0.77,0.72,0.32,0.54,0.8,400000,1200000,800000,4819,14457,0.84,0.45,0.72,Upper-Middle,84,"Biology, Chemistry, Physics, Math",3,High,Optional,Low,0.58,0.67,Moderate,Extensive,0.23,0.1,0.7,0.88,"Reading, Research, Experimentation",Limited,On-site,Very Hard,Optional
235,Anthropologist,Science,Science,0.68,0.85,0.72,0.44,0.68,400000,1200000,800000,4819,14457,0.89,0.52,0.81,High,68,"Biology, Chemistry, Physics, Math",7,High,Optional,Low,0.6,0.32,Low,Minimal,0.24,0.21,0.73,0.6,"Reading, Research, Experimentation",Good,On-site,Hard,Optional
236,Archaeologist,Science,Science,0.76,0.72,0.54,0.43,0.78,400000,1200000,800000,4819,14457,0.88,0.51,0.69,Upper-Middle,70,"Biology, Chemistry, Physics, Math",7,High,Optional,Low,0.66,0.44,Low,Minimal,0.09,0.68,0.74,0.64,"Reading, Research, Experimentation",Good,On-site,Hard,Optional
237,Sociologist,Science,Science,0.78,0.8,0.71,0.86,0.77,400000,1200000,800000,4819,14457,0.82,0.43,0.75,Lower-Middle,89,"Biology, Chemistry, Physics, Math",3,High,Optional,Low,0.46,0.68,High,Moderate,0.21,0.19,0.69,0.7,"Reading, Research, Experimentation",Excellent,Hybrid,Moderate,Optional
238,Psychologist,Science,Science,0.75,0.81,0.4,0.52,0.36,400000,1200000,800000,4819,14457,0.85,0.5,0.77,Lower-Middle,84,"Biology, Chemistry, Physics, Math",3,High,Optional,Low,0.45,0.67,Low,Moderate,-0.01,0.35,0.71,0.78,"Reading, Research, Experimentation",Good,On-site,Hard,Optional
239,Cognitive Scientist,Science,Science,0.75,0.7,0.52,0.83,0.42,400000,1200000,800000,4819,14457,0.89,0.49,0.85,Middle,60,"Biology, Chemistry, Physics, Math",8,High,Optional,Low,0.67,0.72,Low,Minimal,0.28,0.33,0.71,0.75,"Reading, Research, Experimentation",Excellent,Hybrid,Hard,Optional
240,Neuroscientist,Science,Science,0.76,0.76,0.45,0.79,0.34,400000,1200000,800000,4819,14457,0.8,0.61,0.81,Lower-Middle,81,"Biology, Chemistry, Physics, Math",5,High,Optional,Low,0.63,0.59,Moderate,Minimal,0.12,0.14,0.77,0.68,"Reading, Research, Experimentation",Good,Hybrid,Moderate,Optional
241,Graphic Designer,Arts,Arts,0.76,0.41,0.5,0.81,0.64,300000,1000000,650000,3614,12048,0.61,0.32,0.59,Upper-Middle,78,"English, History, Geography, Arts",5,Medium,Optional,High,0.73,0.5,High,Moderate,0.04,0.35,0.74,0.81,"Painting, Music, Dancing, Creative Writing",Good,Hybrid,Easy,Optional
242,Artist,Arts,Arts,0.9,0.41,0.51,0.63,0.37,300000,1000000,650000,3614,12048,0.55,0.73,0.48,Lower-Middle,79,"English, History, Geography, Arts",5,Medium,Optional,High,0.71,0.38,High,Minimal,0.07,0.25,0.58,0.56,"Painting, Music, Dancing, Creative Writing",Limited,Remote,Hard,Optional
243,Writer,Arts,Arts,0.85,0.49,0.51,0.65,0.52,300000,1000000,650000,3614,12048,0.64,0.54,0.47,Lower-Middle,76,"English, History, Geography, Arts",8,Medium,Optional,High,0.43,0.47,Moderate,Extensive,0.12,0.26,0.86,0.89,"Painting, Music, Dancing, Creative Writing",Good,Remote,Moderate,Optional
244,Journalist,Arts,Arts,0.77,0.37,0.6,0.42,0.58,300000,1000000,650000,3614,12048,0.59,0.79,0.61,Upper-Middle,69,"English, History, Geography, Arts",6,Medium,Optional,High,0.71,0.51,Moderate,Extensive,-0.1,0.63,0.51,0.7,"Painting, Music, Dancing, Creative Writing",Good,On-site,Easy,Optional
245,Photographer,Arts,Arts,0.89,0.48,0.34,0.81,0.78,300000,1000000,650000,3614,12048,0.63,0.49,0.47,Upper-Middle,88,"English, History, Geography, Arts",6,Medium,Optional,High,0.63,0.35,Low,Extensive,0.34,0.19,0.7,0.87,"Painting, Music, Dancing, Creative Writing",Excellent,Remote,Hard,Optional
246,Film Director,Arts,Arts,0.74,0.39,0.48,0.43,0.44,300000,1000000,650000,3614,12048,0.61,0.62,0.6,Low,83,"English, History, Geography, Arts",3,Medium,Optional,High,0.76,0.37,Moderate,Minimal,0.0,0.54,0.6,0.81,"Painting, Music, Dancing, Creative Writing",Limited,Hybrid,Moderate,Optional
247,Music Producer,Arts,Arts,0.81,0.31,0.24,0.87,0.31,300000,1000000,650000,3614,12048,0.63,0.51,0.55,Middle,62,"English, History, Geography, Arts",5,Medium,Optional,High,0.76,0.73,Moderate,Moderate,0.26,0.14,0.73,0.57,"Painting, Music, Dancing, Creative Writing",Excellent,Remote,Easy,Optional
248,Actor,Arts,Arts,0.76,0.44,0.38,0.62,0.46,300000,1000000,650000,3614,12048,0.57,0.35,0.52,High,73,"English, History, Geography, Arts",6,Medium,Optional,High,0.45,0.68,High,Extensive,0.12,0.44,0.81,0.81,"Painting, Music, Dancing, Creative Writing",Limited,Hybrid,Hard,Optional
249,Animator,Arts,Arts,0.81,0.41,0.44,0.65,0.72,300000,1000000,650000,3614,12048,0.56,0.46,0.59,Low,62,"English, History, Geography, Arts",6,Medium,Optional,High,0.63,0.62,Moderate,Minimal,0.16,0.38,0.62,0.82,"Painting, Music, Dancing, Creative Writing",Excellent,On-site,Very Hard,Optional
250,Art Director,Arts,Arts,0.73,0.32,0.6,0.68,0.6,300000,1000000,650000,3614,12048,0.63,0.67,0.57,Lower-Middle,73,"English, History, Geography, Arts",7,Medium,Optional,High,0.63,0.36,Low,Minimal,0.04,0.38,0.66,0.86,"Painting, Music, Dancing, Creative Writing",Excellent,Remote,Very Hard,Optional
